Workbook

Sheet SETTINGS
A1: Label | B1: Value | D1: Broker | E1: MinLot | F1: Regulation | G1: Leverage
A2: Balance | D2: Coinexx | E2: 0.001 | F2: Offshore | G2: 1:500
A3: Broker | D3: Hankotrade | E3: 0.01 | F3: Offshore | G3: 1:500
A4: Safe Mode | D4: Exness | E4: 0.01 | F4: Regulated | G4: 1:2000
D5: IC Markets | E5: 0.01 | F5: Regulated | G5: 1:500
A6: Min Lot | B6: =IFERROR(VLOOKUP(B3,$D$2:$G$12,2,FALSE),"") | D6: BlackBull | E6: 0.01 | F6: Regulated | G6: 1:500
A7: Regulation | B7: =IFERROR(VLOOKUP(B3,$D$2:$G$12,3,FALSE),"") | D7: Eightcap | E7: 0.01 | F7: Regulated | G7: 1:500
A8: Leverage | B8: =IFERROR(VLOOKUP(B3,$D$2:$G$12,4,FALSE),"") | D8: FXGT | E8: 0.01 | F8: Offshore | G8: 1:1000
D9: RoboForex | E9: 0.01 | F9: Offshore | G9: 1:2000
A10: $/Pip | B10: 0.1 | D10: FBS | E10: 0.01 | F10: Offshore | G10: 1:3000
A11: Stop Loss (pips) | B11: 15 | D11: Deriv | E11: 0.001 | F11: Offshore | G11: 1:1000
A12: Target Pips | B12: 25 | D12: KOT4X | E12: 0.01 | F12: Offshore | G12: 1:500
A13: Daily % Growth | B13: 0.2

Sheet TRADING PLAN
A1: Balance Range | B1: MinBal | C1: MaxBal | D1: Daily Goal | E1: Lot Size | F1: Max Loss | G1: Allowed Pairs | H1: Tier | I1: Notes | J1: ← YOU HERE
A2: $10–$19 | B2: 10 | C2: 19 | D2: =IFERROR(ROUND(SETTINGS!$B$2*SETTINGS!$B$13,2),"") | E2: =IFERROR(IF(SETTINGS!$B$4="ON",MAX(SETTINGS!$B$6,ROUND(D2/SETTINGS!$B$12*10/SETTINGS!$B$10,3))*0.5,MAX(SETTINGS!$B$6,ROUND(D2/SETTINGS!$B$12*10/SETTINGS!$B$10,3))),"") | F2: =IFERROR(ROUND(E2*SETTINGS!$B$10*SETTINGS!$B$11,2),"") | G2: EURUSD only | H2: SURVIVAL | I2: One pair, tight stops | J2: =IF(AND(SETTINGS!$B$2>=B2,SETTINGS!$B$2<=C2),"←","")
A3: $20–$34 | B3: 20 | C3: 34 | D3: =IFERROR(ROUND(SETTINGS!$B$2*SETTINGS!$B$13,2),"") | E3: =IFERROR(IF(SETTINGS!$B$4="ON",MAX(SETTINGS!$B$6,ROUND(D3/SETTINGS!$B$12*10/SETTINGS!$B$10,3))*0.5,MAX(SETTINGS!$B$6,ROUND(D3/SETTINGS!$B$12*10/SETTINGS!$B$10,3))),"") | F3: =IFERROR(ROUND(E3*SETTINGS!$B$10*SETTINGS!$B$11,2),"") | G3: EURUSD only | H3: BUILDING | I3: Stay disciplined | J3: =IF(AND(SETTINGS!$B$2>=B3,SETTINGS!$B$2<=C3),"←","")
A4: $35–$59 | B4: 35 | C4: 59 | D4: =IFERROR(ROUND(SETTINGS!$B$2*SETTINGS!$B$13,2),"") | E4: =IFERROR(IF(SETTINGS!$B$4="ON",MAX(SETTINGS!$B$6,ROUND(D4/SETTINGS!$B$12*10/SETTINGS!$B$10,3))*0.5,MAX(SETTINGS!$B$6,ROUND(D4/SETTINGS!$B$12*10/SETTINGS!$B$10,3))),"") | F4: =IFERROR(ROUND(E4*SETTINGS!$B$10*SETTINGS!$B$11,2),"") | G4: EURUSD + GBPUSD | H4: MOMENTUM | I4: Add GU after consistency | J4: =IF(AND(SETTINGS!$B$2>=B4,SETTINGS!$B$2<=C4),"←","")
A5: $60–$99 | B5: 60 | C5: 99 | D5: =IFERROR(ROUND(SETTINGS!$B$2*SETTINGS!$B$13,2),"") | E5: =IFERROR(IF(SETTINGS!$B$4="ON",MAX(SETTINGS!$B$6,ROUND(D5/SETTINGS!$B$12*10/SETTINGS!$B$10,3))*0.5,MAX(SETTINGS!$B$6,ROUND(D5/SETTINGS!$B$12*10/SETTINGS!$B$10,3))),"") | F5: =IFERROR(ROUND(E5*SETTINGS!$B$10*SETTINGS!$B$11,2),"") | G5: EURUSD + GBPUSD + NAS100 | H5: ACCELERATION | I5: Add NAS only when focused | J5: =IF(AND(SETTINGS!$B$2>=B5,SETTINGS!$B$2<=C5),"←","")
A6: $100–$149 | B6: 100 | C6: 149 | D6: =IFERROR(ROUND(SETTINGS!$B$2*SETTINGS!$B$13,2),"") | E6: =IFERROR(IF(SETTINGS!$B$4="ON",MAX(SETTINGS!$B$6,ROUND(D6/SETTINGS!$B$12*10/SETTINGS!$B$10,3))*0.5,MAX(SETTINGS!$B$6,ROUND(D6/SETTINGS!$B$12*10/SETTINGS!$B$10,3))),"") | F6: =IFERROR(ROUND(E6*SETTINGS!$B$10*SETTINGS!$B$11,2),"") | G6: All FX + NAS100 | H6: FIRST WITHDRAW | I6: Withdraw a portion | J6: =IF(AND(SETTINGS!$B$2>=B6,SETTINGS!$B$2<=C6),"←","")
A7: $150–$299 | B7: 150 | C7: 299 | D7: =IFERROR(ROUND(SETTINGS!$B$2*SETTINGS!$B$13,2),"") | E7: =IFERROR(IF(SETTINGS!$B$4="ON",MAX(SETTINGS!$B$6,ROUND(D7/SETTINGS!$B$12*10/SETTINGS!$B$10,3))*0.5,MAX(SETTINGS!$B$6,ROUND(D7/SETTINGS!$B$12*10/SETTINGS!$B$10,3))),"") | F7: =IFERROR(ROUND(E7*SETTINGS!$B$10*SETTINGS!$B$11,2),"") | G7: All FX + NAS100 | H7: HOUSE MONEY | I7: Trading mostly profits | J7: =IF(AND(SETTINGS!$B$2>=B7,SETTINGS!$B$2<=C7),"←","")
A8: $300–$449 | B8: 300 | C8: 449 | D8: =IFERROR(ROUND(SETTINGS!$B$2*SETTINGS!$B$13,2),"") | E8: =IFERROR(IF(SETTINGS!$B$4="ON",MAX(SETTINGS!$B$6,ROUND(D8/SETTINGS!$B$12*10/SETTINGS!$B$10,3))*0.5,MAX(SETTINGS!$B$6,ROUND(D8/SETTINGS!$B$12*10/SETTINGS!$B$10,3))),"") | F8: =IFERROR(ROUND(E8*SETTINGS!$B$10*SETTINGS!$B$11,2),"") | G8: NAS100 + XAUUSD | H8: SERIOUS | I8: Focus on A+ setups | J8: =IF(AND(SETTINGS!$B$2>=B8,SETTINGS!$B$2<=C8),"←","")
A9: $450–$899 | B9: 450 | C9: 899 | D9: =IFERROR(ROUND(SETTINGS!$B$2*SETTINGS!$B$13,2),"") | E9: =IFERROR(IF(SETTINGS!$B$4="ON",MAX(SETTINGS!$B$6,ROUND(D9/SETTINGS!$B$12*10/SETTINGS!$B$10,3))*0.5,MAX(SETTINGS!$B$6,ROUND(D9/SETTINGS!$B$12*10/SETTINGS!$B$10,3))),"") | F9: =IFERROR(ROUND(E9*SETTINGS!$B$10*SETTINGS!$B$11,2),"") | G9: NAS100 + XAUUSD | H9: SCALING | I9: Keep risk under control | J9: =IF(AND(SETTINGS!$B$2>=B9,SETTINGS!$B$2<=C9),"←","")
A10: $900–$1999 | B10: 900 | C10: 1999 | D10: =IFERROR(ROUND(SETTINGS!$B$2*SETTINGS!$B$13,2),"") | E10: =IFERROR(IF(SETTINGS!$B$4="ON",MAX(SETTINGS!$B$6,ROUND(D10/SETTINGS!$B$12*10/SETTINGS!$B$10,3))*0.5,MAX(SETTINGS!$B$6,ROUND(D10/SETTINGS!$B$12*10/SETTINGS!$B$10,3))),"") | F10: =IFERROR(ROUND(E10*SETTINGS!$B$10*SETTINGS!$B$11,2),"") | G10: NAS100 + XAUUSD | H10: FOUR FIGURES | I10: Protect capital | J10: =IF(AND(SETTINGS!$B$2>=B10,SETTINGS!$B$2<=C10),"←","")
A11: $2000–$4999 | B11: 2000 | C11: 4999 | D11: =IFERROR(ROUND(SETTINGS!$B$2*SETTINGS!$B$13,2),"") | E11: =IFERROR(IF(SETTINGS!$B$4="ON",MAX(SETTINGS!$B$6,ROUND(D11/SETTINGS!$B$12*10/SETTINGS!$B$10,3))*0.5,MAX(SETTINGS!$B$6,ROUND(D11/SETTINGS!$B$12*10/SETTINGS!$B$10,3))),"") | F11: =IFERROR(ROUND(E11*SETTINGS!$B$10*SETTINGS!$B$11,2),"") | G11: NAS100 + XAUUSD | H11: PRO | I11: Treat as a business | J11: =IF(AND(SETTINGS!$B$2>=B11,SETTINGS!$B$2<=C11),"←","")
A12: $5000–$9999 | B12: 5000 | C12: 9999 | D12: =IFERROR(ROUND(SETTINGS!$B$2*SETTINGS!$B$13,2),"") | E12: =IFERROR(IF(SETTINGS!$B$4="ON",MAX(SETTINGS!$B$6,ROUND(D12/SETTINGS!$B$12*10/SETTINGS!$B$10,3))*0.5,MAX(SETTINGS!$B$6,ROUND(D12/SETTINGS!$B$12*10/SETTINGS!$B$10,3))),"") | F12: =IFERROR(ROUND(E12*SETTINGS!$B$10*SETTINGS!$B$11,2),"") | G12: NAS100 + XAUUSD | H12: ELITE | I12: Top-tier discipline | J12: =IF(AND(SETTINGS!$B$2>=B12,SETTINGS!$B$2<=C12),"←","")
A13: $10000+ | B13: 10000 | C13: 999999 | D13: =IFERROR(ROUND(SETTINGS!$B$2*SETTINGS!$B$13,2),"") | E13: =IFERROR(IF(SETTINGS!$B$4="ON",MAX(SETTINGS!$B$6,ROUND(D13/SETTINGS!$B$12*10/SETTINGS!$B$10,3))*0.5,MAX(SETTINGS!$B$6,ROUND(D13/SETTINGS!$B$12*10/SETTINGS!$B$10,3))),"") | F13: =IFERROR(ROUND(E13*SETTINGS!$B$10*SETTINGS!$B$11,2),"") | G13: Whatever works | H13: YOU WON | I13: Give back, stay sharp | J13: =IF(AND(SETTINGS!$B$2>=B13,SETTINGS!$B$2<=C13),"←","")

Sheet HOMEPAGE
B6: Balance: | C6: =IFERROR(SETTINGS!B2,"")
B7: Broker: | C7: =SETTINGS!B3
B8: Tier: | C8: =IFERROR(INDEX('TRADING PLAN'!H:H, MATCH("←", 'TRADING PLAN'!J:J, 0)),"")
B10: Lot Size: | C10: =IFERROR(INDEX('TRADING PLAN'!E:E, MATCH("←", 'TRADING PLAN'!J:J, 0)),"")
B11: Max Loss: | C11: =IFERROR(INDEX('TRADING PLAN'!F:F, MATCH("←", 'TRADING PLAN'!J:J, 0)),"")
B12: Daily Goal: | C12: =IFERROR(INDEX('TRADING PLAN'!D:D, MATCH("←", 'TRADING PLAN'!J:J, 0)),"")
B13: Allowed Pairs: | C13: =IFERROR(INDEX('TRADING PLAN'!G:G, MATCH("←", 'TRADING PLAN'!J:J, 0)),"")
B15: Safe Mode: | C15: =SETTINGS!B4

Sheet JOURNAL
A1: Date | B1: Pair | C1: Direction | D1: Entry | E1: Exit | F1: P&L | G1: Notes | H1: Lots
A2: =IF(B2<>"", IF(A2="", TODAY(), A2), "") | F2: =IF(AND(D2<>"",E2<>"",H2<>""), IF(C2="Short", (D2-E2)*H2*100*SETTINGS!$B$10, (E2-D2)*H2*100*SETTINGS!$B$10), "") | H2: =IFERROR(INDEX('TRADING PLAN'!E:E, MATCH("←", 'TRADING PLAN'!J:J, 0)),"")
A3: =IF(B3<>"", IF(A3="", TODAY(), A3), "") | F3: =IF(AND(D3<>"",E3<>"",H3<>""), IF(C3="Short", (D3-E3)*H3*100*SETTINGS!$B$10, (E3-D3)*H3*100*SETTINGS!$B$10), "") | H3: =IFERROR(INDEX('TRADING PLAN'!E:E, MATCH("←", 'TRADING PLAN'!J:J, 0)),"")
A4: =IF(B4<>"", IF(A4="", TODAY(), A4), "") | F4: =IF(AND(D4<>"",E4<>"",H4<>""), IF(C4="Short", (D4-E4)*H4*100*SETTINGS!$B$10, (E4-D4)*H4*100*SETTINGS!$B$10), "") | H4: =IFERROR(INDEX('TRADING PLAN'!E:E, MATCH("←", 'TRADING PLAN'!J:J, 0)),"")
A5: =IF(B5<>"", IF(A5="", TODAY(), A5), "") | F5: =IF(AND(D5<>"",E5<>"",H5<>""), IF(C5="Short", (D5-E5)*H5*100*SETTINGS!$B$10, (E5-D5)*H5*100*SETTINGS!$B$10), "") | H5: =IFERROR(INDEX('TRADING PLAN'!E:E, MATCH("←", 'TRADING PLAN'!J:J, 0)),"")
A6: =IF(B6<>"", IF(A6="", TODAY(), A6), "") | F6: =IF(AND(D6<>"",E6<>"",H6<>""), IF(C6="Short", (D6-E6)*H6*100*SETTINGS!$B$10, (E6-D6)*H6*100*SETTINGS!$B$10), "") | H6: =IFERROR(INDEX('TRADING PLAN'!E:E, MATCH("←", 'TRADING PLAN'!J:J, 0)),"")
A7: =IF(B7<>"", IF(A7="", TODAY(), A7), "") | F7: =IF(AND(D7<>"",E7<>"",H7<>""), IF(C7="Short", (D7-E7)*H7*100*SETTINGS!$B$10, (E7-D7)*H7*100*SETTINGS!$B$10), "") | H7: =IFERROR(INDEX('TRADING PLAN'!E:E, MATCH("←", 'TRADING PLAN'!J:J, 0)),"")
A8: =IF(B8<>"", IF(A8="", TODAY(), A8), "") | F8: =IF(AND(D8<>"",E8<>"",H8<>""), IF(C8="Short", (D8-E8)*H8*100*SETTINGS!$B$10, (E8-D8)*H8*100*SETTINGS!$B$10), "") | H8: =IFERROR(INDEX('TRADING PLAN'!E:E, MATCH("←", 'TRADING PLAN'!J:J, 0)),"")
A9: =IF(B9<>"", IF(A9="", TODAY(), A9), "") | F9: =IF(AND(D9<>"",E9<>"",H9<>""), IF(C9="Short", (D9-E9)*H9*100*SETTINGS!$B$10, (E9-D9)*H9*100*SETTINGS!$B$10), "") | H9: =IFERROR(INDEX('TRADING PLAN'!E:E, MATCH("←", 'TRADING PLAN'!J:J, 0)),"")
A10: =IF(B10<>"", IF(A10="", TODAY(), A10), "") | F10: =IF(AND(D10<>"",E10<>"",H10<>""), IF(C10="Short", (D10-E10)*H10*100*SETTINGS!$B$10, (E10-D10)*H10*100*SETTINGS!$B$10), "") | H10: =IFERROR(INDEX('TRADING PLAN'!E:E, MATCH("←", 'TRADING PLAN'!J:J, 0)),"")
A11: =IF(B11<>"", IF(A11="", TODAY(), A11), "") | F11: =IF(AND(D11<>"",E11<>"",H11<>""), IF(C11="Short", (D11-E11)*H11*100*SETTINGS!$B$10, (E11-D11)*H11*100*SETTINGS!$B$10), "") | H11: =IFERROR(INDEX('TRADING PLAN'!E:E, MATCH("←", 'TRADING PLAN'!J:J, 0)),"")
A12: =IF(B12<>"", IF(A12="", TODAY(), A12), "") | F12: =IF(AND(D12<>"",E12<>"",H12<>""), IF(C12="Short", (D12-E12)*H12*100*SETTINGS!$B$10, (E12-D12)*H12*100*SETTINGS!$B$10), "") | H12: =IFERROR(INDEX('TRADING PLAN'!E:E, MATCH("←", 'TRADING PLAN'!J:J, 0)),"")
A13: =IF(B13<>"", IF(A13="", TODAY(), A13), "") | F13: =IF(AND(D13<>"",E13<>"",H13<>""), IF(C13="Short", (D13-E13)*H13*100*SETTINGS!$B$10, (E13-D13)*H13*100*SETTINGS!$B$10), "") | H13: =IFERROR(INDEX('TRADING PLAN'!E:E, MATCH("←", 'TRADING PLAN'!J:J, 0)),"")
... A201: =IF(B201<>"", IF(A201="", TODAY(), A201), "") | F201: =IF(AND(D201<>"",E201<>"",H201<>""), IF(C201="Short", (D201-E201)*H201*100*SETTINGS!$B$10, (E201-D201)*H201*100*SETTINGS!$B$10), "") | H201: =IFERROR(INDEX('TRADING PLAN'!E:E, MATCH("←", 'TRADING PLAN'!J:J, 0)),"")
